2019-08-06 13:21:43 loggerDemo [DEBUG] This is debug message
2019-08-06 13:21:43 loggerDemo [INFO] This is info message
2019-08-06 13:21:43 loggerDemo [WARN] This is warn message
2019-08-06 13:21:43 loggerDemo [FATAL] This is fatal message
2019-08-06 13:21:43 loggerDemo [ERROR] This is error message
<log4j:event logger="com.day12.loggerDemo" timestamp="1565077989626" level="DEBUG" thread="main">
<log4j:message><![CDATA[This is debug message]]></log4j:message>
</log4j:event>

<log4j:event logger="com.day12.loggerDemo" timestamp="1565077989628" level="INFO" thread="main">
<log4j:message><![CDATA[This is info message]]></log4j:message>
</log4j:event>

<log4j:event logger="com.day12.loggerDemo" timestamp="1565077989629" level="WARN" thread="main">
<log4j:message><![CDATA[This is warn message]]></log4j:message>
</log4j:event>

<log4j:event logger="com.day12.loggerDemo" timestamp="1565077989629" level="FATAL" thread="main">
<log4j:message><![CDATA[This is fatal message]]></log4j:message>
</log4j:event>

<log4j:event logger="com.day12.loggerDemo" timestamp="1565077989629" level="ERROR" thread="main">
<log4j:message><![CDATA[This is error message]]></log4j:message>
</log4j:event>

<log4j:event logger="com.day12.loggerDemo" timestamp="1565081108335" level="DEBUG" thread="main">
<log4j:message><![CDATA[This is debug message]]></log4j:message>
</log4j:event>

<log4j:event logger="com.day12.loggerDemo" timestamp="1565081108386" level="INFO" thread="main">
<log4j:message><![CDATA[This is info message]]></log4j:message>
</log4j:event>

<log4j:event logger="com.day12.loggerDemo" timestamp="1565081108386" level="WARN" thread="main">
<log4j:message><![CDATA[This is warn message]]></log4j:message>
</log4j:event>

<log4j:event logger="com.day12.loggerDemo" timestamp="1565081108386" level="FATAL" thread="main">
<log4j:message><![CDATA[This is fatal message]]></log4j:message>
</log4j:event>

<log4j:event logger="com.day12.loggerDemo" timestamp="1565081108386" level="ERROR" thread="main">
<log4j:message><![CDATA[This is error message]]></log4j:message>
</log4j:event>

<log4j:event logger="com.day12.loggerDemo" timestamp="1565081140000" level="DEBUG" thread="main">
<log4j:message><![CDATA[This is debug message]]></log4j:message>
</log4j:event>

<log4j:event logger="com.day12.loggerDemo" timestamp="1565081140002" level="INFO" thread="main">
<log4j:message><![CDATA[This is info message]]></log4j:message>
</log4j:event>

<log4j:event logger="com.day12.loggerDemo" timestamp="1565081140002" level="WARN" thread="main">
<log4j:message><![CDATA[This is warn message]]></log4j:message>
</log4j:event>

<log4j:event logger="com.day12.loggerDemo" timestamp="1565081140002" level="FATAL" thread="main">
<log4j:message><![CDATA[This is fatal message]]></log4j:message>
</log4j:event>

<log4j:event logger="com.day12.loggerDemo" timestamp="1565081140002" level="ERROR" thread="main">
<log4j:message><![CDATA[This is error message]]></log4j:message>
</log4j:event>

<log4j:event logger="com.day12.loggerDemo" timestamp="1565081172706" level="DEBUG" thread="main">
<log4j:message><![CDATA[This is debug message]]></log4j:message>
</log4j:event>

<log4j:event logger="com.day12.loggerDemo" timestamp="1565081172726" level="INFO" thread="main">
<log4j:message><![CDATA[This is info message]]></log4j:message>
</log4j:event>

<log4j:event logger="com.day12.loggerDemo" timestamp="1565081172727" level="WARN" thread="main">
<log4j:message><![CDATA[This is warn message]]></log4j:message>
</log4j:event>

<log4j:event logger="com.day12.loggerDemo" timestamp="1565081172727" level="FATAL" thread="main">
<log4j:message><![CDATA[This is fatal message]]></log4j:message>
</log4j:event>

<log4j:event logger="com.day12.loggerDemo" timestamp="1565081172727" level="ERROR" thread="main">
<log4j:message><![CDATA[This is error message]]></log4j:message>
</log4j:event>

<log4j:event logger="com.day12.loggerDemo" timestamp="1565081224120" level="DEBUG" thread="main">
<log4j:message><![CDATA[This is debug message]]></log4j:message>
</log4j:event>

<log4j:event logger="com.day12.loggerDemo" timestamp="1565081224122" level="INFO" thread="main">
<log4j:message><![CDATA[This is info message]]></log4j:message>
</log4j:event>

<log4j:event logger="com.day12.loggerDemo" timestamp="1565081224122" level="WARN" thread="main">
<log4j:message><![CDATA[This is warn message]]></log4j:message>
</log4j:event>

<log4j:event logger="com.day12.loggerDemo" timestamp="1565081224122" level="FATAL" thread="main">
<log4j:message><![CDATA[This is fatal message]]></log4j:message>
</log4j:event>

<log4j:event logger="com.day12.loggerDemo" timestamp="1565081224122" level="ERROR" thread="main">
<log4j:message><![CDATA[This is error message]]></log4j:message>
</log4j:event>

<log4j:event logger="com.day12.loggerDemo" timestamp="1565081349669" level="DEBUG" thread="main">
<log4j:message><![CDATA[This is debug message]]></log4j:message>
</log4j:event>

<log4j:event logger="com.day12.loggerDemo" timestamp="1565081349670" level="INFO" thread="main">
<log4j:message><![CDATA[This is info message]]></log4j:message>
</log4j:event>

<log4j:event logger="com.day12.loggerDemo" timestamp="1565081349670" level="WARN" thread="main">
<log4j:message><![CDATA[This is warn message]]></log4j:message>
</log4j:event>

<log4j:event logger="com.day12.loggerDemo" timestamp="1565081349671" level="FATAL" thread="main">
<log4j:message><![CDATA[This is fatal message]]></log4j:message>
</log4j:event>

<log4j:event logger="com.day12.loggerDemo" timestamp="1565081349671" level="ERROR" thread="main">
<log4j:message><![CDATA[This is error message]]></log4j:message>
</log4j:event>

