<log4j:event logger="com.day12.LoggerDemo" timestamp="1565083482079" level="DEBUG" thread="main">
<log4j:message><![CDATA[This is debug message]]></log4j:message>
</log4j:event>

<log4j:event logger="com.day12.LoggerDemo" timestamp="1565083482084" level="INFO" thread="main">
<log4j:message><![CDATA[This is info message]]></log4j:message>
</log4j:event>

<log4j:event logger="com.day12.LoggerDemo" timestamp="1565083482084" level="WARN" thread="main">
<log4j:message><![CDATA[This is warn message]]></log4j:message>
</log4j:event>

<log4j:event logger="com.day12.LoggerDemo" timestamp="1565083482084" level="FATAL" thread="main">
<log4j:message><![CDATA[This is fatal message]]></log4j:message>
</log4j:event>

<log4j:event logger="com.day12.LoggerDemo" timestamp="1565083482084" level="ERROR" thread="main">
<log4j:message><![CDATA[This is error message]]></log4j:message>
</log4j:event>

<log4j:event logger="com.day12.LoggerDemo" timestamp="1565083531473" level="DEBUG" thread="main">
<log4j:message><![CDATA[This is debug message]]></log4j:message>
</log4j:event>

<log4j:event logger="com.day12.LoggerDemo" timestamp="1565083531475" level="INFO" thread="main">
<log4j:message><![CDATA[This is info message]]></log4j:message>
</log4j:event>

<log4j:event logger="com.day12.LoggerDemo" timestamp="1565083531475" level="WARN" thread="main">
<log4j:message><![CDATA[This is warn message]]></log4j:message>
</log4j:event>

<log4j:event logger="com.day12.LoggerDemo" timestamp="1565083531476" level="FATAL" thread="main">
<log4j:message><![CDATA[This is fatal message]]></log4j:message>
</log4j:event>

<log4j:event logger="com.day12.LoggerDemo" timestamp="1565083531476" level="ERROR" thread="main">
<log4j:message><![CDATA[This is error message]]></log4j:message>
</log4j:event>

<log4j:event logger="com.day12.LoggerDemo" timestamp="1565083732275" level="DEBUG" thread="main">
<log4j:message><![CDATA[This is debug message]]></log4j:message>
</log4j:event>

<log4j:event logger="com.day12.LoggerDemo" timestamp="1565083732306" level="INFO" thread="main">
<log4j:message><![CDATA[This is info message]]></log4j:message>
</log4j:event>

<log4j:event logger="com.day12.LoggerDemo" timestamp="1565083732307" level="WARN" thread="main">
<log4j:message><![CDATA[This is warn message]]></log4j:message>
</log4j:event>

<log4j:event logger="com.day12.LoggerDemo" timestamp="1565083732307" level="FATAL" thread="main">
<log4j:message><![CDATA[This is fatal message]]></log4j:message>
</log4j:event>

<log4j:event logger="com.day12.LoggerDemo" timestamp="1565083732308" level="ERROR" thread="main">
<log4j:message><![CDATA[This is error message]]></log4j:message>
</log4j:event>

